student_id,historical_gpa,credits_completed,academic_periods_completed,last_update
10001,3.8,92,8,2026-02-28
10002,3.48,65,1,2026-02-28
10003,3.87,114,4,2026-02-28
10004,4.31,172,3,2026-02-28
10005,3.43,180,11,2026-02-28
10006,3.43,110,3,2026-02-28
10008,4.34,53,2,2026-02-28
10009,3.93,77,6,2026-02-28
10010,3.32,20,1,2026-02-28
10011,3.82,107,11,2026-02-28
10012,3.32,69,1,2026-02-28
10013,3.32,122,11,2026-02-28
10014,3.67,123,12,2026-02-28
10015,2.59,80,4,2026-02-28
10016,2.69,102,2,2026-02-28
10017,3.27,162,2,2026-02-28
10018,3.04,24,2,2026-02-28
10019,3.71,145,2,2026-02-28
10021,3.1,16,2,2026-02-28
10022,2.84,104,1,2026-02-28
10023,4.28,24,6,2026-02-28
10024,3.44,127,2,2026-02-28
10025,3.58,126,12,2026-02-28
10026,2.84,44,8,2026-02-28
10027,3.28,28,2,2026-02-28
10028,3.61,121,2,2026-02-28
10029,2.97,30,1,2026-02-28
10030,3.74,56,6,2026-02-28
10031,3.25,21,2,2026-02-28
10032,3.4,60,3,2026-02-28
10033,3.25,78,2,2026-02-28
10034,4.48,49,10,2026-02-28
10035,3.54,17,4,2026-02-28
10036,3.02,92,4,2026-02-28
10037,3.96,140,12,2026-02-28
10038,2.94,103,7,2026-02-28
10039,3.65,52,2,2026-02-28
10041,2.57,83,2,2026-02-28
10042,2.89,44,2,2026-02-28
10043,3.65,73,7,2026-02-28
10044,3.92,58,7,2026-02-28
10045,3.64,22,2,2026-02-28
10046,3.49,79,5,2026-02-28
10047,3.4,14,2,2026-02-28
10048,2.81,42,6,2026-02-28
10049,3.19,75,11,2026-02-28
10050,3.32,21,2,2026-02-28
10051,4.08,56,2,2026-02-28
10052,3.72,49,3,2026-02-28
10053,2.67,166,1,2026-02-28
10054,3.71,90,8,2026-02-28
10055,3.36,109,2,2026-02-28
10056,3.21,78,8,2026-02-28
10057,3.86,165,10,2026-02-28
10058,4.07,14,1,2026-02-28
10059,4.02,106,6,2026-02-28
10062,3.13,64,7,2026-02-28
10063,3.4,72,7,2026-02-28
10064,3.72,47,5,2026-02-28
10065,4.04,70,8,2026-02-28
10066,3.31,180,2,2026-02-28
10067,3.46,86,10,2026-02-28
10068,3.0,68,1,2026-02-28
10069,2.95,117,4,2026-02-28
10070,3.96,65,1,2026-02-28
10071,4.23,61,5,2026-02-28
10072,3.51,152,12,2026-02-28
10073,4.05,136,7,2026-02-28
10074,3.73,138,12,2026-02-28
10075,3.23,49,1,2026-02-28
10076,3.73,67,5,2026-02-28
10077,4.32,14,3,2026-02-28
10079,3.53,14,2,2026-02-28
10080,4.33,79,9,2026-02-28
10081,2.24,22,4,2026-02-28
10082,3.96,159,11,2026-02-28
10083,3.59,180,11,2026-02-28
10084,3.4,79,2,2026-02-28
10087,3.6,87,7,2026-02-28
10088,2.56,78,1,2026-02-28
10089,3.44,39,1,2026-02-28
10090,3.73,51,1,2026-02-28
10091,4.29,142,10,2026-02-28
10092,3.29,27,3,2026-02-28
10093,3.15,70,2,2026-02-28
10094,3.3,61,12,2026-02-28
10095,4.01,77,12,2026-02-28
10096,3.71,24,2,2026-02-28
10097,3.29,123,6,2026-02-28
10098,3.81,150,9,2026-02-28
10099,3.6,164,5,2026-02-28
10100,4.03,69,6,2026-02-28
10101,3.2,32,6,2026-02-28
10102,3.39,53,2,2026-02-28
10103,3.35,51,6,2026-02-28
10104,2.82,102,5,2026-02-28
10105,3.7,127,2,2026-02-28
10106,3.68,105,12,2026-02-28
10107,3.55,14,4,2026-02-28
10108,3.43,53,5,2026-02-28
10109,2.84,47,1,2026-02-28
10110,3.34,67,3,2026-02-28
10111,3.38,131,3,2026-02-28
10112,3.15,52,2,2026-02-28
10113,3.47,15,2,2026-02-28
10114,3.75,56,1,2026-02-28
10115,4.49,53,1,2026-02-28
10116,3.64,39,1,2026-02-28
10117,3.68,54,3,2026-02-28
10118,3.51,60,3,2026-02-28
10119,2.59,82,1,2026-02-28
10120,3.54,154,12,2026-02-28
10121,3.58,113,4,2026-02-28
10122,4.78,89,4,2026-02-28
10123,3.45,50,6,2026-02-28
10124,3.7,112,5,2026-02-28
10125,3.53,28,5,2026-02-28
10126,2.97,107,2,2026-02-28
10127,4.12,68,1,2026-02-28
10128,3.93,106,4,2026-02-28
10129,3.95,69,1,2026-02-28
10130,3.1,24,1,2026-02-28
10131,4.25,107,5,2026-02-28
10132,2.85,180,5,2026-02-28
10133,3.84,22,1,2026-02-28
10134,4.65,26,1,2026-02-28
10135,3.05,107,4,2026-02-28
10136,3.27,42,5,2026-02-28
10137,3.6,86,10,2026-02-28
10138,3.3,39,4,2026-02-28
10140,2.77,59,8,2026-02-28
10141,3.58,97,12,2026-02-28
10142,3.02,19,2,2026-02-28
10143,3.79,72,7,2026-02-28
10144,3.09,37,4,2026-02-28
10145,4.32,92,1,2026-02-28
10147,3.16,45,1,2026-02-28
10148,3.39,84,7,2026-02-28
10150,3.96,99,2,2026-02-28
10151,2.93,49,4,2026-02-28
10152,3.66,25,4,2026-02-28
10153,4.2,13,2,2026-02-28
10154,2.75,175,5,2026-02-28
10155,3.64,71,1,2026-02-28
10156,3.68,77,9,2026-02-28
10157,3.94,100,6,2026-02-28
10158,2.93,53,6,2026-02-28
10159,2.89,14,1,2026-02-28
10160,3.81,112,3,2026-02-28
10161,3.7,110,2,2026-02-28
10162,3.68,27,4,2026-02-28
10163,3.72,32,2,2026-02-28
10164,3.21,97,5,2026-02-28
10165,3.67,112,7,2026-02-28
10166,3.7,173,12,2026-02-28
10167,3.19,89,6,2026-02-28
10168,4.48,141,5,2026-02-28
10169,3.79,101,2,2026-02-28
10170,2.95,36,2,2026-02-28
10171,3.88,30,2,2026-02-28
10172,3.06,15,2,2026-02-28
10173,3.94,64,8,2026-02-28
10174,4.13,112,7,2026-02-28
10175,3.14,87,9,2026-02-28
10176,4.03,105,4,2026-02-28
10177,3.76,117,5,2026-02-28
10178,3.96,119,5,2026-02-28
10179,4.5,43,2,2026-02-28
10180,3.43,92,11,2026-02-28
10181,3.17,86,10,2026-02-28
10182,3.11,65,4,2026-02-28
10183,3.14,89,3,2026-02-28
10184,3.51,41,4,2026-02-28
10185,3.72,117,7,2026-02-28
10187,3.69,28,1,2026-02-28
10188,3.96,43,3,2026-02-28
10189,3.56,70,1,2026-02-28
10190,4.28,99,8,2026-02-28
10191,3.42,143,12,2026-02-28
10192,4.9,39,1,2026-02-28
10193,3.86,53,1,2026-02-28
10194,3.12,65,2,2026-02-28
10195,3.01,36,1,2026-02-28
10196,3.79,88,3,2026-02-28
10197,3.44,73,7,2026-02-28
10198,3.91,95,2,2026-02-28
10199,3.79,40,1,2026-02-28
10200,3.51,37,2,2026-02-28
10201,3.13,36,6,2026-02-28
10202,2.79,26,2,2026-02-28
10203,3.33,41,6,2026-02-28
10204,3.98,63,1,2026-02-28
10205,3.66,119,1,2026-02-28
10206,2.93,34,5,2026-02-28
10207,3.64,103,7,2026-02-28
10208,3.74,111,1,2026-02-28
10209,3.11,24,4,2026-02-28
10210,3.63,17,3,2026-02-28
10211,3.58,99,3,2026-02-28
10212,2.98,53,5,2026-02-28
10213,3.73,105,3,2026-02-28
10215,3.83,64,10,2026-02-28
10216,4.09,75,4,2026-02-28
10217,4.08,42,4,2026-02-28
10218,2.86,112,9,2026-02-28
10219,3.08,27,1,2026-02-28
10221,3.81,41,5,2026-02-28
10222,3.81,121,3,2026-02-28
10223,3.81,137,4,2026-02-28
10224,4.9,79,9,2026-02-28
10225,3.84,74,7,2026-02-28
10226,4.12,163,6,2026-02-28
10227,4.03,54,5,2026-02-28
10228,3.88,180,8,2026-02-28
10229,3.39,116,10,2026-02-28
10230,3.93,28,3,2026-02-28
10231,3.16,133,5,2026-02-28
10232,3.43,71,1,2026-02-28
10233,3.31,124,10,2026-02-28
10234,3.59,88,1,2026-02-28
10235,4.71,83,1,2026-02-28
10236,2.62,27,3,2026-02-28
10237,3.89,134,4,2026-02-28
10238,2.74,92,2,2026-02-28
10239,3.31,51,4,2026-02-28
10240,4.09,82,9,2026-02-28
10241,3.58,13,2,2026-02-28
10243,3.01,97,6,2026-02-28
10244,3.19,17,2,2026-02-28
10245,3.89,51,6,2026-02-28
10246,3.18,83,6,2026-02-28
10247,3.66,135,1,2026-02-28
10248,3.57,93,10,2026-02-28
10249,3.22,156,3,2026-02-28
10250,4.62,144,4,2026-02-28
10075,3.15,49,1,2025-12-15
10222,3.73,121,3,2025-12-15
10193,3.78,53,1,2025-12-15
10011,3.74,107,11,2025-12-15
10136,3.19,42,5,2025-12-15
10118,3.43,60,3,2025-12-15
10209,3.03,24,4,2025-12-15
10102,3.31,53,2,2025-12-15
10238,2.66,92,2,2025-12-15
10017,3.19,162,2,2025-12-15
10240,4.01,82,9,2025-12-15
10059,3.94,106,6,2025-12-15
10203,3.33,41,6,2026-02-28
10095,4.01,77,12,2026-02-28
10133,3.84,22,1,2026-02-28
10238,2.74,92,2,2026-02-28
10235,4.71,83,1,2026-02-28
